Iteration,Bubble,Merge
1,37.3608505,0.0244678
2,36.3915761,0.0121251
3,31.458093,0.012665999
4,27.9927371,0.005781299
5,27.8337292,0.006973601
6,27.7123759,0.0088217
7,27.7193394,0.0081883
8,27.5599907,0.0087577
9,27.5906178,0.0080942
10,28.1838507,0.0066507
11,27.5864557,0.0078552
12,27.6262318,0.0111894
13,27.7675017,0.010020901
14,27.6500243,0.0065919
15,28.8164406,0.008631501
